short_alias,list_of_addresses
TROV-001,"DD1125, DD1126"
TROV-002,DD1127
TROV-003,"DD1128, DD1128A"
TROV-004,"DD1121, DD1122, DD1123, DD1124"
TROV-005,"DD1129, DD1130"
TROV-006,"DD1120, DD1120B"
TROV-007,"DD1131, DD1131A"
TROV-008,"DD1132, DD1133"
TROV-009,DD1119
TROV-010,DD1114
TROV-011,"DD1135, DD1136, DD1137"
TROV-012,"DD1319, DD1320"
TROV-013,"DD1316, DD1316A, DD1317, DD1317A, DD1318, DD1318A"
TROV-014,none
TROV-015,"DD1134, DD1134A"
TROV-016,"DD1304, DD1305, DD1306, DD1321"
TROV-017,"DD1144, DD1145"
TROV-018,"DD1138, DD1138A, DD1138B, DD1138C, DD1140"
TROV-019,"DD1148, DD1148A"
TROV-020,"DD1149, DD1149A"
TROV-021,DD1113
TROV-022,"DD1146, DD1147"
TROV-023,"DD1142, DD1142A"
TROV-024,"DD1166, DD1166A, DD1167, DD1167A"
TROV-025,"DD1116, DD1116A"
TROV-026,"DD1162, DD1163"
TROV-027,none
TROV-028,"DD1314, DD1315, DD1315A"
TROV-029,"DD1156, DD1157, DD1158, DD1159, DD1159A, DD1160"
TROV-030,"DD1164, DD1165"
TROV-031,DD1112
TROV-032,none
TROV-033,none
TROV-034,none
TROV-035,"DD1168, DD1168A, DD1306A, DD1307"
TROV-036,"DD1138D, DD1138E, DD1138F, DD1139"
TROV-037,"DD1312, DD1312A, DD1313"
TROV-038,DD1308
TROV-039,none
TROV-040,DD1111
TROV-041,none
TROV-042,none
TROV-043,"DD1309, DD1310, DD1310A"
TROV-044,DD1106
TROV-045,"DD1169, DD1169A, DD1169B, DD1169C"
TROV-046,DD1105
TROV-047,none
TROV-048,none
TROV-049,none
TROV-050,DD1104
TROV-051,none
TROV-052,"DD1102, DD1103"
TROV-053,DD1101
TROV-054,none
TROV-055,"DD1099, DD1100"
TROV-056,"DD1171, DD1172, DD1173"
TROV-057,"DD1175, DD1175A, DD1175B, DD1176"
TROV-058,none
TROV-059,"DD1098, DD1098A"
TROV-060,"DD1095, DD1096, DD1097"
TROV-061,DD1184
TROV-062,DD1092A
TROV-063,DD1092
TROV-064,DD1091
TROV-065,none
TROV-066,none
TROV-067,DD1090
TROV-068,none
TROV-069,"DD1088, DD1089, DD1089A"
TROV-070,none
TROV-071,DD1080
TROV-072,"DD1084, DD1085, DD1086, DD1087"
TROV-073,DD1075
TROV-074,"DD1081, DD1082, DD1083"
TROV-075,none
TROV-076,"DD1076, DD1077, DD1078"
TROV-077,DD1073
TROV-078,DD1217
TROV-079,"DD1215, DD1216, DD1216A, DD1219"
TROV-080,none
TROV-081,DD1214
TROV-082,"DD1232A, DD1234, DD1235"
TROV-083,"DD1212, DD1213"
TROV-084,"DD1222, DD1223"
TROV-085,"DD1220, DD1221"
TROV-086,DD1224
TROV-087,"DD1179, DD1179A, DD1180, DD1180A, DD1181, DD1182, DD1183, DD1183A, DD1183B, DD1183C, DD1183D, DD1183E, DD1183F, DD1183H"
TROV-088,DD1225
TROV-089,"DD1195, DD1196, DD1197, DD1197A"
TROV-090,"DD1192, DD1193, DD1194, DD1197B"
TROV-091,"DD1200, DD1201, DD1201B"
TROV-092,DD1191
TROV-093,"DD1189, DD1189A, DD1190, DD1190B"
TROV-094,none
TROV-095,none
TROV-096,"DD1061, DD1062, DD1062A"
TROV-097,"DD1070, DD1071, DD1072, DD1185, DD1186, DD1187, DD1188"
TROV-098,DD1068
TROV-099,none
TROV-100,"DD1059, DD1060A, DD1060B"
TROV-101,"DD1233, DD1236, DD1237"
TROV-102,"DD1230, DD1231, DD1232"
TROV-103,DD1227
TROV-104,"DD1210, DD1226"
TROV-105,"DD1202, DD1202A, DD1203"
TROV-106,"DD1204, DD1205, DD1205A"
TROV-107,DD1206
TROV-108,"DD1207, DD1208"
