Full_sesti,short_alias
SP1,SILV-351
SP2,SILV-350
SP3,SILV-350
SP4,SILV-350
SP11,SILV-349
SP12,SILV-349
SP13,SILV-349
SP14,SILV-346
SP15,SILV-346
SP16,SILV-346
SP17,SILV-346
SP18,SILV-346
SP19,SILV-346
SP20,SILV-346
SP21,SILV-346
SP22,SILV-346
SP23,SILV-346
SP24,SILV-346
SP25,SILV-346
SP26,SILV-346
SP27,SILV-346
SP28,SILV-346
SP29,SILV-346
SP30,SILV-346
SP31,SILV-346
SP32,SILV-346
SP33,SILV-346
SP34,SILV-346
SP35,SILV-346
SP36,SILV-346
SP37,SILV-346
SP38,SILV-346
SP39,SILV-346
SP40,SILV-346
SP41,SILV-346
SP42,SILV-346
SP43,SILV-346
SP44,SILV-346
SP45,SILV-346
SP46,SILV-346
SP47,SILV-346
SP48,SILV-346
SP49,SILV-346
SP50,SILV-346
SP51,SILV-346
SP52,SILV-346
SP53,SILV-346
SP54,SILV-346
SP55,SILV-346
SP56,SILV-346
SP56A,SILV-346
SP57,SILV-346
SP58,SILV-346
SP59,SILV-346
SP59A,SILV-346
SP60,SILV-346
SP60A,SILV-346
SP61,SILV-346
SP61A,SILV-346
SP62,SILV-346
SP62A,SILV-346
SP63,SILV-346
SP64,SILV-346
SP65,SILV-346
SP66,SILV-346
SP67,SILV-346
SP68,SILV-346
SP68A,SILV-346
SP69,SILV-346
SP70,SILV-346
SP71,SILV-346
SP71A,SILV-346
SP72,SILV-346
SP72A,SILV-346
SP73,SILV-346
SP74,SILV-346
SP75,SILV-346
SP76,SILV-346
SP76A,SILV-346
SP77,SILV-352
SP78,SILV-352
SP79,SILV-354
SP80,SILV-354
SP81,SILV-354
SP82,SILV-355
SP83,SILV-345
SP84,SILV-345
SP85,SILV-345
SP86,SILV-345
SP87,SILV-345
SP88,SILV-345
SP89,SILV-345
SP90,SILV-345
SP91,SILV-345
SP92,SILV-345
SP92A,SILV-345
SP92B,SILV-345
SP93,SILV-345
SP94,SILV-345
SP95,SILV-345
SP96,SILV-345
SP97,SILV-345
SP98,SILV-345
SP99,SILV-345
SP100,SILV-345
SP101,SILV-345
SP102,SILV-345
SP103,SILV-345
SP104,SILV-345
SP105,SILV-345
SP106,SILV-345
SP107,SILV-345
SP108,SILV-345
SP109,SILV-345
SP110,SILV-345
SP110A,SILV-345
SP111,SILV-345
SP112,SILV-345
SP113,SILV-345
SP114,SILV-345
SP115,SILV-345
SP116,SILV-345
SP117,SILV-345
SP118,SILV-345
SP119,SILV-345
SP119A,SILV-345
SP119B,SILV-345
SP120,SILV-345
SP121,SILV-345
SP122,SILV-345
SP123,SILV-345
SP124,SILV-345
SP124A,SILV-345
SP125,SILV-345
SP126,SILV-345
SP127,SILV-345
SP128,SILV-345
SP129,SILV-345
SP130,SILV-345
SP131,SILV-345
SP135,SILV-356
SP135A,SILV-356
SP136,SILV-345
SP136A,SILV-345
SP137,SILV-345
SP137A,SILV-345
SP138,SILV-345
SP139,SILV-345
SP140,SILV-345
SP141,SILV-345
SP142,SILV-345
SP143,SILV-345
SP144,SILV-345
SP145,SILV-344
SP146,SILV-344
SP147,SILV-344
SP149,SILV-344
SP150,SILV-344
SP151,SILV-344
SP152,SILV-344
SP153,SILV-344
SP154,SILV-344
SP155,SILV-344
SP156,SILV-344
SP157,SILV-344
SP158,SILV-344
SP159,SILV-344
SP161,SILV-344
SP162,SILV-344
SP164,SILV-344
SP165,SILV-344
SP166,SILV-344
SP167,SILV-344
SP168,SILV-344
SP169,SILV-344
SP170,SILV-344
SP171,SILV-344
SP172,SILV-344
SP173,SILV-344
SP174,SILV-344
SP176,SILV-344
SP178,SILV-344
SP179,SILV-344
SP180,SILV-344
SP182,SILV-344
SP183,SILV-344
SP184,SILV-344
SP186,SILV-344
SP188,SILV-344
SP189,SILV-344
SP191,SILV-344
SP194,SILV-344
SP195,SILV-344
SP196,SILV-344
SP197,SILV-344
SP198,SILV-344
SP199,SILV-344
SP200,SILV-344
SP201,SILV-344
SP202,SILV-344
SP203,SILV-326
SP204,SILV-326
SP205,SILV-327
SP206,SILV-327
SP207,SILV-345
SP208,SILV-345
SP209,SILV-345
SP210,SILV-345
SP211,SILV-345
SP212,SILV-345
SP213,SILV-345
SP214,SILV-345
SP215,SILV-345
SP216,SILV-345
SP217,SILV-345
SP218,SILV-345
SP219,SILV-345
SP220,SILV-328
SP220A,SILV-328
SP221,SILV-328
SP221A,SILV-328
SP222,SILV-328
SP222A,SILV-328
SP223,SILV-324
SP224,SILV-324
SP225A,SILV-324
SP225B,SILV-324
SP226,SILV-328
SP226A,SILV-328
SP226B,SILV-328
SP226C,SILV-328
SP226D,SILV-328
SP227,SILV-327
SP228,SILV-325
SP228A,SILV-325
SP228B,SILV-325
SP229,SILV-323
SP229A,SILV-323
SP230,SILV-323
SP231,SILV-323
SP231A,SILV-323
SP232,SILV-323
SP233,SILV-323
SP234,SILV-322
SP235,SILV-322
SP236,SILV-322
SP237,SILV-322
SP238,SILV-322
SP238A,SILV-322
SP239,SILV-325
SP240,SILV-325
SP240A,SILV-326
SP241,SILV-326
SP242,SILV-329
SP243,SILV-329
SP243A,SILV-329
SP243B,SILV-329
SP244,SILV-330
SP245,SILV-321
SP246,SILV-321
SP247,SILV-321
SP248,SILV-321
SP249,SILV-321
SP250,SILV-321
SP251,SILV-321
SP253,SILV-330
SP254,SILV-329
SP255,SILV-329
SP255A,SILV-329
SP256,SILV-337
SP257,SILV-336
SP257A,SILV-336
SP258,SILV-335
SP259,SILV-332
SP260,SILV-332
SP261,SILV-331
SP262,SILV-331
SP263,SILV-331
SP264,SILV-319
SP265,SILV-319
SP266,SILV-319
SP266A,SILV-320
SP267,SILV-320
SP268,SILV-320
SP269,SILV-320
SP270,SILV-320
SP271,SILV-320
SP271A,SILV-320
SP272,SILV-320
SP273,SILV-319
SP274,SILV-319
SP275,SILV-319
SP276,SILV-319
SP276A,SILV-319
SP277,SILV-319
SP278,SILV-318
SP278A,SILV-318
SP279,SILV-318
SP280,SILV-318
SP281,SILV-333
SP281A,SILV-333
SP282,SILV-334
SP283,SILV-338
SP284,SILV-337
SP285,SILV-340
SP285A,SILV-340
SP287,SILV-340
SP288,SILV-340
SP289,SILV-340
SP290,SILV-317
SP291,SILV-317
SP292,SILV-316
SP293,SILV-315
SP294,SILV-314
SP295,SILV-314
SP296,SILV-314
SP297,SILV-314
SP298,SILV-314
SP299,SILV-313
SP300,SILV-313
SP301A,SILV-313
SP302,SILV-342
SP303,SILV-341
SP303A,SILV-341
SP303B,SILV-341
SP304,SILV-341
SP305,SILV-341
SP306,SILV-339
SP307,SILV-339
SP308,SILV-341
SP309,SILV-341
SP310,SILV-341
SP310A,SILV-341
SP310B,SILV-343
SP311,SILV-343
SP311A,SILV-343
SP311B,SILV-343
SP312,SILV-343
SP312A,SILV-002
SP312B,SILV-002
SP312C,SILV-002
SP312D,SILV-002
SP313,SILV-003
SP313A,SILV-003
SP314,SILV-003
SP315,SILV-003
SP316,SILV-003
SP317,SILV-003
SP318,SILV-003
SP319,SILV-003
SP319A,SILV-002
SP321,SILV-002
SP322,SILV-002
SP323,SILV-002
SP324,SILV-002
SP325,SILV-343
SP326,SILV-343
SP326A,SILV-343
SP327,SILV-343
SP328,SILV-343
SP329,SILV-343
SP330,SILV-343
SP337,SILV-001
SP338,SILV-001
SP339,SILV-001
SP340,SILV-001
SP341,
SP341A,
SP341B,
SP341C,SILV-001
SP342,SILV-001
SP343,SILV-001
SP344,SILV-001
SP345,SILV-001
SP357,SILV-001
SP358,SILV-001
SP359,SILV-001
SP360,SILV-311
SP360A,SILV-311
SP360B,SILV-311
SP361,SILV-311
SP362,SILV-311
SP363,SILV-311
SP365,SILV-310
SP366,SILV-310
SP367,SILV-310
SP367A,SILV-310
SP368,SILV-310
SP368A,SILV-310
SP369,SILV-004
SP369A,SILV-004
SP370,SILV-004
SP370A,SILV-004
SP371,SILV-004
SP372,SILV-004
SP373,SILV-004
SP374,SILV-312
SP375,SILV-312
SP376,SILV-312
SP377,SILV-298
SP378,SILV-297
SP379,SILV-297
SP380,SILV-296
SP380A,SILV-295
SP382,SILV-294
SP383,SILV-294
SP384,SILV-293
SP385,SILV-293
SP386,SILV-293
SP387,
SP388,
SP388A,
SP389,
SP390,SILV-295
SP391,SILV-295
SP392,SILV-295
SP393,SILV-295
SP394,SILV-295
SP395,SILV-297
SP395A,SILV-297
SP396,SILV-297
SP397,SILV-297
SP398,SILV-297
SP398A,SILV-298
SP399,SILV-298
SP400,SILV-298
SP401,SILV-299
SP401A,SILV-299
SP402,SILV-299
SP403,SILV-299
SP404,SILV-256
SP405,SILV-256
SP406,SILV-256
SP406A,SILV-256
SP406B,SILV-256
SP407,SILV-256
SP408,SILV-256
SP409,SILV-255
SP409A,SILV-255
SP409B,SILV-255
SP410,SILV-255
SP411,SILV-255
SP412,SILV-257
SP413,SILV-257
SP413A,SILV-254
SP414,SILV-253
SP414A,SILV-254
SP415,SILV-254
SP416,SILV-254
SP417,SILV-252
SP418,SILV-252
SP419,SILV-252
SP420,SILV-252
SP421,SILV-252
SP422,SILV-252
SP423,SILV-253
SP423A,SILV-253
SP424,SILV-257
SP425,SILV-299
SP426,SILV-299
SP427,SILV-299
SP428,SILV-299
SP429,SILV-299
SP430,SILV-299
SP431,SILV-258
SP431A,SILV-258
SP432,SILV-258
SP433A,SILV-258
SP434,SILV-258
SP434A,SILV-258
SP435,SILV-258
SP436,SILV-258
SP437,SILV-258
SP438,SILV-260
SP439,SILV-260
SP439A,SILV-260
SP440,SILV-260
SP441,SILV-260
SP442,SILV-260
SP442A,SILV-260
SP443,SILV-260
SP444,SILV-260
SP445,SILV-261
SP446,SILV-261
SP446A,SILV-261
SP447,SILV-261
SP448,SILV-261
SP449,SILV-261
SP450,SILV-261
SP451,SILV-261
SP452,SILV-261
SP453,SILV-262
SP453A,SILV-262
SP454,SILV-262
SP454A,SILV-262
SP455,SILV-262
SP456,SILV-262
SP456A,
SP457,SILV-244
SP458,SILV-244
SP458A,SILV-244
SP459,SILV-244
SP460,SILV-244
SP461,SILV-244
SP462,SILV-244
SP463,SILV-240
SP463A,SILV-240
SP464,SILV-169
SP465,SILV-169
SP465A,SILV-169
SP466,SILV-169
SP467,SILV-168
SP468,SILV-250
SP469,SILV-250
SP470,SILV-250
SP471,SILV-251
SP472,SILV-251
SP473,SILV-251
SP474,SILV-346
SP475,SILV-292
SP476,SILV-292
SP477,SILV-292
SP478,SILV-292
SP479,SILV-292
SP480,SILV-292
SP481,SILV-289
SP482,SILV-289
SP483,SILV-289
SP483A,SILV-289
SP484,SILV-288
SP485,SILV-288
SP486,SILV-288
SP487,SILV-288
SP488,SILV-292
SP488A,SILV-292
SP489,SILV-292
SP489A,SILV-292
SP490,SILV-292
SP490A,
SP490B,SILV-346
SP491,SILV-346
SP492,SILV-346
SP493,SILV-346
SP494,SILV-346
SP495,SILV-346
SP496,SILV-346
SP497,SILV-346
SP498,SILV-346
SP499,SILV-346
SP500,SILV-346
SP501,SILV-346
SP502,SILV-346
SP503,SILV-346
SP504,SILV-346
SP505,SILV-346
SP505A,SILV-346
SP506,SILV-346
SP507,SILV-346
SP508,SILV-346
SP510,SILV-346
SP511,SILV-346
SP514,SILV-346
SP515,SILV-346
SP516,SILV-346
SP517,SILV-346
SP517A,SILV-346
SP518,SILV-346
SP519,SILV-346
SP520,SILV-346
SP521,SILV-346
SP522,SILV-346
SP523,SILV-347
SP524,SILV-347
SP525,SILV-347
SP526,SILV-347
SP527,SILV-347
SP527A,SILV-347
SP528,SILV-347
SP528A,SILV-347
SP529,SILV-347
SP530,SILV-347
SP531,SILV-347
SP532,SILV-347
SP533,SILV-348
SP534,SILV-278
SP535,SILV-278
SP536,SILV-279
SP536A,SILV-279
SP537,SILV-279
SP537A,SILV-279
SP538,SILV-279
SP539,SILV-273
SP540,SILV-273
SP541A,SILV-285
SP541B,SILV-285
SP541C,SILV-284
SP541D,SILV-285
SP541E,SILV-285
SP541F,SILV-285
SP541G,SILV-285
SP541H,SILV-285
SP541I,SILV-284
SP541M,SILV-283
SP541N,SILV-283
SP541O,SILV-282
SP541P,SILV-282
SP541Q,SILV-281
SP542,SILV-280
SP542A,SILV-280
SP543,SILV-280
SP544,SILV-280
SP545,SILV-280
SP546,SILV-282
SP547,SILV-282
SP548,SILV-283
SP549,SILV-284
SP550,SILV-284
SP551,SILV-286
SP552,SILV-286
SP553,SILV-286
SP553A,SILV-286
SP554,SILV-286
SP554A,SILV-286
SP555,SILV-287
SP556,SILV-290
SP557,SILV-290
SP558,SILV-290
SP559,SILV-290
SP560,SILV-290
SP561,SILV-290
SP561A,SILV-290
SP561B,SILV-290
SP561C,SILV-290
SP561D,SILV-290
SP562,SILV-287
SP562A,SILV-287
SP563,SILV-285
SP564,SILV-285
SP565,SILV-285
SP566,SILV-285
SP567,SILV-285
SP568,SILV-285
SP569,SILV-285
SP570,SILV-285
SP571,SILV-285
SP572,SILV-285
SP573,SILV-281
SP574,SILV-281
SP575,SILV-273
SP576,SILV-274
SP577,SILV-275
SP578,SILV-275
SP579,SILV-275
SP580,SILV-276
SP580A,SILV-277
SP581,SILV-277
SP582,SILV-156
SP582A,SILV-156
SP583,SILV-157
SP584,SILV-157
SP585,SILV-157
SP586,SILV-272
SP587,SILV-272
SP588,SILV-272
SP589,SILV-272
SP590,SILV-270
SP592,SILV-270
SP594,SILV-270
SP595,SILV-270
SP596,SILV-270
SP597,SILV-270
SP598,SILV-291
SP599,SILV-291
SP600,SILV-291
SP601,SILV-291
SP602,SILV-291
SP603,SILV-264
SP604,SILV-264
SP605,SILV-264
SP606,SILV-266
SP607,SILV-266
SP608,SILV-266
SP609,SILV-266
SP610,SILV-268
SP611,SILV-268
SP612,SILV-268
SP613,SILV-269
SP614,SILV-271
SP615,SILV-271
SP616,SILV-271
SP617,SILV-271
SP618,SILV-158
SP618A,SILV-158
SP618B,SILV-158
SP619,SILV-158
SP620,SILV-155
SP621,SILV-155
SP622,SILV-155
SP623,SILV-155
SP624,SILV-154
SP625,SILV-154
SP625A,SILV-154
SP626,SILV-154
SP626A,SILV-154
SP627,SILV-154
SP628,SILV-159
SP629,SILV-159
SP630,SILV-159
SP631,SILV-160
SP631A,SILV-160
SP631B,SILV-160
SP631C,SILV-160
SP632,SILV-161
SP633,SILV-267
SP634,SILV-267
SP635,SILV-267
SP636,SILV-267
SP637,SILV-265
SP638,SILV-265
SP639,SILV-265
SP640,SILV-264
SP641,SILV-264
SP642,SILV-264
SP643,SILV-264
SP644,SILV-264
SP644A,SILV-264
SP645,SILV-264
SP645A,SILV-264
SP649,
SP650,SILV-263
SP651,SILV-263
SP652,SILV-263
SP653,SILV-263
SP654,SILV-263
SP655,SILV-263
SP655A,SILV-263
SP656,SILV-263
SP657,SILV-263
SP658,SILV-165
SP658A,SILV-165
SP659,SILV-165
SP660,SILV-145
SP661,SILV-145
SP662,SILV-146
SP663,SILV-146
SP664,SILV-147
SP665,SILV-147
SP666,SILV-147
SP667,SILV-149
SP668,SILV-149
SP669,SILV-149
SP670,SILV-151
SP671,SILV-151
SP672,SILV-151
SP673,SILV-151
SP674,SILV-153
SP675,SILV-153
SP676,SILV-152
SP676A,SILV-152
SP676B,SILV-152
SP677,SILV-114
SP677A,SILV-114
SP678,SILV-114
SP678A,SILV-114
SP678B,SILV-114
SP679,SILV-114
SP680,SILV-114
SP681,SILV-115
SP682,SILV-148
SP683,SILV-148
SP684,SILV-148
SP685,SILV-148
SP685A,SILV-148
SP686,SILV-148
SP687,SILV-144
SP688,SILV-144
SP689,SILV-144
SP690,SILV-143
SP691,SILV-143
SP692,SILV-143
SP693,SILV-166
SP694,SILV-166
SP695,SILV-166
SP695A,SILV-166
SP696,SILV-142
SP696A,SILV-166
SP697,SILV-142
SP698,SILV-142
SP699,SILV-141
SP700,SILV-123
SP701A,SILV-122
SP702,SILV-122
SP702A,SILV-122
SP703,SILV-121
SP704,SILV-121
SP705,SILV-121
SP706,SILV-120
SP707,SILV-120
SP708,SILV-119
SP709,SILV-119
SP710,SILV-119
SP711,SILV-119
SP712,SILV-116
SP713,SILV-116
SP714,SILV-116
SP715,SILV-116
SP716,SILV-116
SP717,SILV-116
SP718,SILV-113
SP718A,SILV-113
SP719,SILV-112
SP720,SILV-112
SP721,SILV-112
SP722,SILV-347
SP723,SILV-347
SP724,SILV-347
SP725,SILV-347
SP725A,SILV-347
SP726,SILV-348
SP727,SILV-348
SP728,SILV-276
SP729,SILV-276
SP730,SILV-276
SP731,SILV-277
SP732,SILV-277
SP733,SILV-155
SP734,SILV-155
SP735,SILV-155
SP736,SILV-154
SP737,SILV-153
SP738,SILV-153
SP739A,SILV-153
SP740,SILV-152
SP741,SILV-152
SP742A,SILV-112
SP743,SILV-112
SP744,SILV-107
SP745,SILV-111
SP746,SILV-111
SP747,SILV-111
SP748,SILV-110
SP748A,SILV-110
SP750,SILV-109
SP751,SILV-109
SP752,SILV-108
SP753,SILV-108
SP754,SILV-108
SP755,SILV-117
SP756,SILV-117
SP757,SILV-118
SP758,SILV-119
SP759,SILV-119
SP760,SILV-119
SP760A,SILV-119
SP761,SILV-119
SP762,SILV-107
SP763,SILV-107
SP764,SILV-107
SP764E,SILV-107
SP765,SILV-125
SP766,SILV-125
SP767,SILV-125
SP768,SILV-124
SP769,SILV-140
SP770,SILV-140
SP771,SILV-140
SP773,SILV-139
SP773A,SILV-139
SP774,SILV-251
SP775,SILV-251
SP776,SILV-251
SP777,SILV-250
SP777A,SILV-250
SP778,SILV-250
SP779,SILV-249
SP779A,SILV-249
SP780,SILV-247
SP781,SILV-248
SP782,SILV-248
SP783,SILV-167
SP784,SILV-167
SP785,SILV-167
SP786,SILV-167
SP787,SILV-167
SP788,SILV-167
SP789,SILV-167
SP789A,SILV-167
SP790A,SILV-167
SP791,SILV-167
SP791A,SILV-167
SP792,SILV-167
SP793,SILV-167
SP793A,SILV-167
SP794,SILV-167
SP795,SILV-248
SP795A,SILV-247
SP796,SILV-247
SP797,SILV-249
SP798,SILV-250
SP799,SILV-246
SP800,SILV-246
SP801,SILV-245
SP801A,SILV-246
SP802,SILV-245
SP803,SILV-168
SP804,SILV-168
SP805,SILV-168
SP806,SILV-170
SP806A,SILV-170
SP807,SILV-239
SP808,SILV-240
SP808A,SILV-239
SP809,SILV-241
SP809A,
SP810,SILV-241
SP811,SILV-241
SP812,SILV-241
SP813,SILV-242
SP814,SILV-242
SP814A,SILV-262
SP815,SILV-261
SP816,SILV-260
SP817,SILV-260
SP817A,SILV-260
SP819,SILV-259
SP820,SILV-258
SP821,SILV-299
SP821A,SILV-299
SP821B,SILV-298
SP822,SILV-298
SP823,SILV-312
SP825,SILV-312
SP826,SILV-300
SP827,SILV-300
SP828,SILV-300
SP829,SILV-300
SP830,SILV-300
SP830A,SILV-312
SP831,SILV-004
SP832,SILV-004
SP833,SILV-005
SP835,
SP836,SILV-301
SP837,SILV-301
SP838,SILV-301
SP838A,SILV-301
SP839,SILV-301
SP840,SILV-005
SP840A,SILV-005
SP841,SILV-006
SP841A,SILV-006
SP841B,SILV-006
SP842,SILV-007
SP843,SILV-007
SP844,SILV-008
SP845,SILV-008
SP846,SILV-009
SP846A,SILV-009
SP847,SILV-009
SP847A,SILV-009
SP847B,SILV-009
SP848,SILV-008
SP849,SILV-302
SP849A,SILV-302
SP850,SILV-006
SP851,
SP851A,SILV-310
SP852,SILV-310
SP853,SILV-308
SP853A,SILV-310
SP854,SILV-307
SP854A,SILV-307
SP855,SILV-307
SP856,SILV-303
SP856A,SILV-303
SP857,SILV-303
SP858,SILV-303
SP859,SILV-309
SP860,SILV-309
SP861A,SILV-303
SP862,SILV-304
SP863,SILV-304
SP864,SILV-304
SP864A,SILV-304
SP865,SILV-304
SP866,SILV-304
SP867,SILV-304
SP868,SILV-304
SP869,SILV-304
SP870,SILV-306
SP871,SILV-306
SP871A,SILV-306
SP872,SILV-306
SP872A,SILV-306
SP872B,SILV-306
SP873,SILV-235
SP873A,SILV-235
SP874,SILV-305
SP875,SILV-305
SP875B,SILV-235
SP877,SILV-305
SP878,
SP879,SILV-010
SP880,SILV-010
SP881,SILV-010
SP883,SILV-010
SP884,SILV-010
SP884A,SILV-010
SP884B,SILV-010
SP884C,SILV-010
SP884D,SILV-237
SP884E,SILV-238
SP885,SILV-012
SP886,SILV-012
SP887,SILV-012
SP888,SILV-012
SP889,SILV-012
SP889A,SILV-012
SP890,
SP891,SILV-238
SP892,SILV-237
SP893,SILV-237
SP894,SILV-233
SP894A,SILV-237
SP895,SILV-233
SP895A,SILV-233
SP896,SILV-233
SP897,SILV-233
SP899,SILV-232
SP899A,SILV-232
SP900,SILV-182
SP902,SILV-182
SP902A,SILV-182
SP902B,SILV-182
SP903,SILV-181
SP904,SILV-181
SP905,SILV-181
SP906,SILV-181
SP907,SILV-181
SP908,SILV-181
SP909,SILV-181
SP910,SILV-180
SP911,SILV-184
SP911A,SILV-184
SP912,SILV-184
SP913,SILV-184
SP914,SILV-183
SP914A,SILV-183
SP915,SILV-183
SP916,SILV-183
SP916A,SILV-227
SP916B,SILV-227
SP916C,SILV-227
SP916D,SILV-225
SP917,SILV-228
SP918,SILV-228
SP918B,SILV-228
SP919,SILV-228
SP919A,SILV-228
SP920,SILV-184
SP921,SILV-184
SP922,SILV-184
SP923,SILV-184
SP924,SILV-184
SP925,SILV-184
SP926,SILV-185
SP928,SILV-185
SP929,
SP930,
SP931,SILV-215
SP932,SILV-213
SP933,SILV-214
SP934,
SP935,SILV-230
SP936,SILV-230
SP937,
SP938,SILV-207
SP939,SILV-207
SP940,SILV-207
SP940A,SILV-207
SP941,SILV-207
SP942,SILV-207
SP943,SILV-216
SP944,SILV-216
SP945,SILV-186
SP945A,SILV-186
SP945B,SILV-216
SP946,SILV-224
SP947,SILV-019
SP948,SILV-019
SP949,SILV-019
SP950,SILV-177
SP951,SILV-177
SP951A,SILV-179
SP952,SILV-176
SP952A,SILV-179
SP952B,SILV-176
SP953,SILV-176
SP953A,SILV-176
SP954,SILV-176
SP955,SILV-175
SP956,SILV-174
SP956A,SILV-175
SP957,SILV-018
SP958,SILV-018
SP959,SILV-017
SP960,SILV-017
SP961,SILV-017
SP962,SILV-173
SP963,SILV-013
SP963A,SILV-013
SP964,SILV-172
SP964A,SILV-172
SP964B,SILV-172
SP965,SILV-171
SP966,SILV-171
SP967,SILV-171
SP968,SILV-171
SP969,SILV-171
SP970,SILV-138
SP970A,SILV-171
SP971,SILV-138
SP972,SILV-138
SP973,SILV-135
SP974,SILV-135
SP975,SILV-135
SP976,SILV-135
SP977,SILV-135
SP977A,SILV-135
SP978,SILV-171
SP979,SILV-171
SP980,
SP981,SILV-171
SP982,SILV-171
SP983A,SILV-172
SP984,SILV-014
SP985,SILV-015
SP986,SILV-016
SP986A,SILV-016
SP987,SILV-016
SP987A,SILV-016
SP988,SILV-016
SP989,SILV-020
SP990,SILV-020
SP991A,SILV-020
SP991B,SILV-020
SP991C,SILV-020
SP992,SILV-020
SP992A,SILV-020
SP992B,SILV-222
SP993,SILV-021
SP993A,SILV-021
SP994,SILV-021
SP995,SILV-022
SP996,SILV-022
SP997,SILV-023
SP998,SILV-023
SP999,SILV-134
SP1000,SILV-134
SP1001,SILV-134
SP1003,SILV-139
SP1004,SILV-140
SP1005,SILV-124
SP1005A,SILV-124
SP1007,SILV-125
SP1008,SILV-127
SP1009,SILV-127
SP1010,SILV-128
SP1011,SILV-128
SP1012,SILV-128
SP1013,SILV-129
SP1014,SILV-129
SP1015,SILV-129
SP1015A,SILV-129
SP1015B,SILV-129
SP1016,SILV-128
SP1017,SILV-128
SP1017A,SILV-128
SP1017B,SILV-128
SP1018,SILV-127
SP1019,SILV-127
SP1020,SILV-127
SP1021,SILV-126
SP1021A,SILV-075
SP1021B,SILV-074
SP1022,SILV-131
SP1022A,SILV-131
SP1022B,SILV-131
SP1022C,SILV-131
SP1022G,SILV-131
SP1023,SILV-131
SP1023A,SILV-131
SP1023B,SILV-131
SP1024,SILV-131
SP1024A,SILV-131
SP1025,SILV-131
SP1025A,SILV-130
SP1026,SILV-130
SP1028,SILV-130
SP1029,SILV-133
SP1030,SILV-133
SP1031,SILV-133
SP1032,SILV-133
SP1033,SILV-133
SP1034,SILV-024
SP1034A,SILV-024
SP1035,SILV-024
SP1036,SILV-024
SP1037,SILV-024
SP1037A,SILV-131
SP1038,SILV-131
SP1039,SILV-131
SP1039A,SILV-131
SP1040,SILV-024
SP1041,SILV-025
SP1041A,SILV-025
SP1041B,SILV-025
SP1042,SILV-025
SP1042A,SILV-025
SP1043,SILV-025
SP1044,SILV-025
SP1045,SILV-025
SP1045B,SILV-025
SP1046,SILV-134
SP1047,SILV-134
SP1048,SILV-134
SP1049,SILV-023
SP1050,SILV-023
SP1051,SILV-022
SP1052,SILV-021
SP1052A,SILV-021
SP1053A,SILV-021
SP1054,SILV-098
SP1054A,SILV-098
SP1055,SILV-026
SP1056,SILV-026
SP1057,SILV-220
SP1058,SILV-220
SP1058A,SILV-220
SP1059,SILV-220
SP1060,SILV-220
SP1061,SILV-220
SP1062,SILV-220
SP1063,SILV-220
SP1064A,SILV-220
SP1065,SILV-096
SP1066,SILV-096
SP1067,SILV-096
SP1069,SILV-219
SP1070,SILV-219
SP1071,SILV-219
SP1072,SILV-219
SP1073,SILV-219
SP1074,SILV-219
SP1075,SILV-219
SP1076,SILV-219
SP1077,SILV-095
SP1077A,SILV-095
SP1078,SILV-096
SP1079,SILV-096
SP1080,SILV-096
SP1081,SILV-096
SP1081A,SILV-096
SP1082,SILV-029
SP1083,SILV-029
SP1084,SILV-028
SP1085,SILV-028
SP1086,SILV-028
SP1087,SILV-027
SP1088,SILV-027
SP1089,SILV-027
SP1090,SILV-098
SP1091,SILV-098
SP1092,SILV-132
SP1092A,SILV-132
SP1093,SILV-102
SP1094,SILV-103
SP1095,SILV-105
SP1096,SILV-105
SP1097,
SP1098,
SP1098A,SILV-105
SP1098B,SILV-105
SP1099,
SP1099A,SILV-105
SP1100,SILV-105
SP1101,SILV-105
SP1102,SILV-105
SP1102A,SILV-101
SP1102B,SILV-100
SP1103,SILV-100
SP1103A,SILV-100
SP1104,SILV-100
SP1105,SILV-100
SP1105A,SILV-100
SP1106,SILV-051
SP1108A,SILV-051
SP1109,SILV-048
SP1110,SILV-048
SP1111,SILV-049
SP1112,
SP1112A,SILV-046
SP1113,SILV-047
SP1114,SILV-047
SP1115,SILV-048
SP1116,SILV-047
SP1117,SILV-047
SP1118,
SP1119,SILV-056
SP1120,SILV-055
SP1121,SILV-055
SP1122,SILV-055
SP1124,SILV-053
SP1125,SILV-054
SP1126,SILV-054
SP1127,SILV-097
SP1127A,SILV-097
SP1128,SILV-097
SP1129,SILV-097
SP1129A,SILV-030
SP1130,SILV-030
SP1131,SILV-031
SP1132,SILV-032
SP1133,SILV-032
SP1133A,SILV-033
SP1134,SILV-094
SP1135,SILV-094
SP1136,SILV-033
SP1137,SILV-033
SP1137A,SILV-033
SP1138,SILV-032
SP1139,SILV-032
SP1140,SILV-031
SP1140A,SILV-031
SP1141,SILV-031
SP1142,SILV-030
SP1143,SILV-030
SP1144,SILV-097
SP1145,SILV-097
SP1146,SILV-097
SP1147,SILV-054
SP1148,SILV-057
SP1149,SILV-057
SP1150,SILV-057
SP1151,SILV-036
SP1151A,SILV-036
SP1152,SILV-035
SP1154,SILV-035
SP1155,SILV-035
SP1156,SILV-034
SP1157,SILV-034
SP1158,SILV-093
SP1159,SILV-093
SP1160,SILV-093
SP1161,SILV-093
SP1161A,SILV-093
SP1162,SILV-034
SP1163,SILV-034
SP1164,SILV-035
SP1165,SILV-035
SP1166,SILV-035
SP1167,SILV-036
SP1168,SILV-036
SP1169,SILV-057
SP1170,SILV-055
SP1172,SILV-046
SP1173,SILV-046
SP1174,SILV-046
SP1175,SILV-045
SP1176,SILV-045
SP1176A,SILV-042
SP1177,SILV-041
SP1178,SILV-041
SP1179,SILV-041
SP1180,
SP1181,SILV-056
SP1182,SILV-038
SP1183,SILV-068
SP1185,SILV-069
SP1186,SILV-069
SP1187,SILV-070
SP1188,SILV-070
SP1189,SILV-071
SP1190,SILV-071
SP1190A,
SP1191,SILV-072
SP1191A,SILV-072
SP1191B,
SP1192,SILV-065
SP1193,SILV-065
SP1193A,SILV-066
SP1194,SILV-067
SP1195,SILV-067
SP1196,SILV-067
SP1197,SILV-059
SP1198,SILV-041
SP1199,SILV-042
SP1204,
SP1205,
SP1206,SILV-044
SP1207,SILV-044
SP1208,SILV-062
SP1209,SILV-062
SP1210,SILV-062
SP1211,SILV-062
SP1212,SILV-061
SP1213,SILV-064
SP1213A,SILV-064
SP1213B,SILV-064
SP1214,
SP1215,SILV-064
SP1216,SILV-063
SP1217,SILV-063
SP1218,SILV-077
SP1219,SILV-076
SP1220,SILV-076
SP1221,SILV-076
SP1222,SILV-073
SP1223,SILV-090
SP1224,SILV-090
SP1225,SILV-092
SP1226,SILV-092
SP1227,SILV-092
SP1228,SILV-092
SP1228A,SILV-090
SP1230,SILV-090
SP1231,SILV-073
SP1232,SILV-073
SP1233,SILV-074
SP1234,SILV-074
SP1235,SILV-075
SP1236,SILV-075
SP1237,SILV-075
SP1238,SILV-075
SP1239,SILV-075
SP1240,SILV-075
SP1242,SILV-078
SP1242A,SILV-078
SP1243,SILV-078
SP1244,SILV-078
SP1245,SILV-088
SP1246,SILV-088
SP1246A,SILV-089
SP1247,SILV-089
SP1248,SILV-091
SP1249A,SILV-091
SP1249B,SILV-091
SP1250,SILV-091
SP1251,SILV-091
SP1251A,SILV-091
SP1252,SILV-217
SP1253,SILV-217
SP1253A,SILV-217
SP1254,SILV-221
SP1255,SILV-221
SP1256,SILV-187
SP1257,SILV-187
SP1258,SILV-187
SP1259,SILV-188
SP1260,SILV-189
SP1261,SILV-190
SP1262,SILV-190
SP1263,SILV-193
SP1263A,SILV-212
SP1263B,SILV-187
SP1264,SILV-211
SP1264A,SILV-210
SP1265,SILV-211
SP1265A,SILV-210
SP1265B,SILV-210
SP1266,SILV-208
SP1266A,SILV-208
SP1267,SILV-209
SP1268,SILV-209
SP1269,
SP1270,SILV-193
SP1270A,SILV-193
SP1271,SILV-193
SP1272,SILV-194
SP1274,SILV-193
SP1275,SILV-200
SP1276,SILV-201
SP1277,SILV-202
SP1278,SILV-202
SP1278A,SILV-202
SP1278B,SILV-209
SP1279,SILV-205
SP1279A,SILV-206
SP1280,SILV-205
SP1281,SILV-204
SP1282,SILV-203
SP1283,SILV-203
SP1284,SILV-199
SP1284A,SILV-199
SP1285,SILV-195
SP1286,SILV-195
SP1287,SILV-195
SP1288,SILV-195
SP1289,SILV-199
SP1290,SILV-203
SP1291,SILV-198
SP1291A,SILV-085
SP1292,SILV-198
SP1293,SILV-196
SP1294,SILV-196
SP1295,SILV-196
SP1296,
SP1297,SILV-086
SP1298,SILV-091
SP1298A,SILV-091
SP1299,SILV-197
SP1300,SILV-091
SP1301,SILV-197
SP1302,SILV-091
SP1303,SILV-091
SP1304,SILV-089
SP1305,SILV-089
SP1306,SILV-197
SP1306A,SILV-197
SP1306B,SILV-087
SP1307,SILV-087
SP1308,SILV-089
SP1309,SILV-087
SP1310,SILV-088
SP1311,SILV-087
SP1312,SILV-088
SP1313,SILV-087
SP1314,SILV-087
SP1315,SILV-086
SP1316,
SP1317,SILV-085
SP1318,SILV-085
SP1319,SILV-083
SP1320,SILV-083
SP1320A,SILV-083
SP1321,SILV-083
SP1322,SILV-079
SP1322A,SILV-080
SP1323,SILV-079
SP1324,SILV-078
SP1326,SILV-079
SP1327,SILV-079
SP1328,SILV-081
SP1329,SILV-081
SP1330,SILV-081
SP1331,SILV-081
SP1332,SILV-081
SP1333,SILV-081
SP1334,SILV-081
SP1335,SILV-081
SP1336,SILV-081
SP1337,SILV-081
SP1338,SILV-081
SP1339,SILV-078
